{
    "north": [
        {
            "x": -6.625,
            "y": 7.563
        },
        {
            "x": -5.569,
            "y": 7.504
        },
        {
            "x": -4.238,
            "y": 7.445
        },
        {
            "x": -3.377,
            "y": 7.484
        },
        {
            "x": -2.888,
            "y": 7.328
        },
        {
            "x": -2.184,
            "y": 7.074
        },
        {
            "x": -1.284,
            "y": 7.034
        },
        {
            "x": -0.149,
            "y": 6.819
        },
        {
            "x": 0.653,
            "y": 6.721
        },
        {
            "x": 0.732,
            "y": 6.271
        },
        {
            "x": 0.536,
            "y": 5.704
        },
        {
            "x": 0.008,
            "y": 5
        },
        {
            "x": -0.325,
            "y": 4.647
        },
        {
            "x": -0.775,
            "y": 4.432
        },
        {
            "x": -1.323,
            "y": 4.471
        },
        {
            "x": -1.89,
            "y": 4.491
        },
        {
            "x": -2.536,
            "y": 4.55
        },
        {
            "x": -3.299,
            "y": 4.55
        },
        {
            "x": -3.906,
            "y": 4.55
        },
        {
            "x": -4.649,
            "y": 4.491
        },
        {
            "x": -5.158,
            "y": 4.256
        },
        {
            "x": -5.569,
            "y": 3.884
        },
        {
            "x": -5.843,
            "y": 3.102
        },
        {
            "x": -5.862,
            "y": 2.358
        },
        {
            "x": -5.706,
            "y": 1.634
        },
        {
            "x": -5.471,
            "y": 1.067
        },
        {
            "x": -5.119,
            "y": 0.539
        },
        {
            "x": -4.786,
            "y": -0.029
        },
        {
            "x": -4.414,
            "y": -0.498
        },
        {
            "x": -3.984,
            "y": -0.948
        },
        {
            "x": -3.651,
            "y": -1.261
        },
        {
            "x": -3.377,
            "y": -1.672
        },
        {
            "x": -3.005,
            "y": -2.142
        },
        {
            "x": -2.242,
            "y": -2.748
        },
        {
            "x": -1.714,
            "y": -3.14
        },
        {
            "x": -1.127,
            "y": -3.492
        },
        {
            "x": -0.579,
            "y": -3.746
        },
        {
            "x": 0.125,
            "y": -3.922
        },
        {
            "x": 0.712,
            "y": -3.903
        },
        {
            "x": 1.123,
            "y": -3.707
        },
        {
            "x": 1.612,
            "y": -3.335
        },
        {
            "x": 1.906,
            "y": -3.022
        },
        {
            "x": 2.316,
            "y": -2.533
        },
        {
            "x": 2.571,
            "y": -2.122
        },
        {
            "x": 2.903,
            "y": -1.672
        },
        {
            "x": 3.216,
            "y": -1.164
        },
        {
            "x": 3.53,
            "y": -0.674
        },
        {
            "x": 3.764,
            "y": -0.361
        },
        {
            "x": 4.097,
            "y": -0.322
        },
        {
            "x": 4.214,
            "y": -0.616
        },
        {
            "x": 4.117,
            "y": -1.046
        },
        {
            "x": 4.038,
            "y": -1.535
        },
        {
            "x": 4.038,
            "y": -2.279
        },
        {
            "x": 4.038,
            "y": -2.748
        },
        {
            "x": 4.058,
            "y": -3.238
        },
        {
            "x": 4.077,
            "y": -3.805
        },
        {
            "x": 4.214,
            "y": -4.392
        },
        {
            "x": 4.547,
            "y": -4.94
        },
        {
            "x": 4.899,
            "y": -5.292
        },
        {
            "x": 5.29,
            "y": -5.507
        },
        {
            "x": 5.995,
            "y": -5.507
        },
        {
            "x": 6.464,
            "y": -5.292
        },
        {
            "x": 6.934,
            "y": -4.705
        },
        {
            "x": 7.286,
            "y": -3.962
        },
        {
            "x": 7.501,
            "y": -3.433
        },
        {
            "x": 7.638,
            "y": -2.748
        },
        {
            "x": 7.775,
            "y": -2.142
        },
        {
            "x": 8.01,
            "y": -1.711
        },
        {
            "x": 8.323,
            "y": -1.594
        },
        {
            "x": 8.714,
            "y": -1.692
        },
        {
            "x": 8.93,
            "y": -1.79
        },
        {
            "x": 8.93,
            "y": -7.699
        },
        {
            "x": -6.606,
            "y": -7.659
        },
        {
            "x": -6.625,
            "y": 7.563
        },
        {
            "x": -5.569,
            "y": 7.504
        },
        {
            "x": -4.238,
            "y": 7.445
        },
        {
            "x": -3.377,
            "y": 7.484
        },
        {
            "x": -2.888,
            "y": 7.328
        },
        {
            "x": -2.184,
            "y": 7.074
        },
        {
            "x": -1.284,
            "y": 7.034
        },
        {
            "x": -0.149,
            "y": 6.819
        },
        {
            "x": 0.653,
            "y": 6.721
        },
        {
            "x": 0.732,
            "y": 6.271
        },
        {
            "x": 0.536,
            "y": 5.704
        },
        {
            "x": 0.008,
            "y": 5
        },
        {
            "x": -0.325,
            "y": 4.647
        },
        {
            "x": -0.775,
            "y": 4.432
        },
        {
            "x": -1.323,
            "y": 4.471
        },
        {
            "x": -1.89,
            "y": 4.491
        },
        {
            "x": -2.536,
            "y": 4.55
        },
        {
            "x": -3.299,
            "y": 4.55
        },
        {
            "x": -3.906,
            "y": 4.55
        },
        {
            "x": -4.649,
            "y": 4.491
        },
        {
            "x": -5.158,
            "y": 4.256
        },
        {
            "x": -5.569,
            "y": 3.884
        },
        {
            "x": -5.843,
            "y": 3.102
        },
        {
            "x": -5.862,
            "y": 2.358
        },
        {
            "x": -5.706,
            "y": 1.634
        },
        {
            "x": -5.471,
            "y": 1.067
        },
        {
            "x": -5.119,
            "y": 0.539
        },
        {
            "x": -4.786,
            "y": -0.029
        },
        {
            "x": -4.414,
            "y": -0.498
        },
        {
            "x": -3.984,
            "y": -0.948
        },
        {
            "x": -3.651,
            "y": -1.261
        },
        {
            "x": -3.377,
            "y": -1.672
        },
        {
            "x": -3.005,
            "y": -2.142
        },
        {
            "x": -2.242,
            "y": -2.748
        },
        {
            "x": -1.714,
            "y": -3.14
        },
        {
            "x": -1.127,
            "y": -3.492
        },
        {
            "x": -0.579,
            "y": -3.746
        },
        {
            "x": 0.125,
            "y": -3.922
        },
        {
            "x": 0.712,
            "y": -3.903
        },
        {
            "x": 1.123,
            "y": -3.707
        },
        {
            "x": 1.612,
            "y": -3.335
        },
        {
            "x": 1.906,
            "y": -3.022
        },
        {
            "x": 2.316,
            "y": -2.533
        },
        {
            "x": 2.571,
            "y": -2.122
        },
        {
            "x": 2.903,
            "y": -1.672
        },
        {
            "x": 3.216,
            "y": -1.164
        },
        {
            "x": 3.53,
            "y": -0.674
        },
        {
            "x": 3.764,
            "y": -0.361
        },
        {
            "x": 4.097,
            "y": -0.322
        },
        {
            "x": 4.214,
            "y": -0.616
        },
        {
            "x": 4.117,
            "y": -1.046
        },
        {
            "x": 4.038,
            "y": -1.535
        },
        {
            "x": 4.038,
            "y": -2.279
        },
        {
            "x": 4.038,
            "y": -2.748
        },
        {
            "x": 4.058,
            "y": -3.238
        },
        {
            "x": 4.077,
            "y": -3.805
        },
        {
            "x": 4.214,
            "y": -4.392
        },
        {
            "x": 4.547,
            "y": -4.94
        },
        {
            "x": 4.899,
            "y": -5.292
        },
        {
            "x": 5.29,
            "y": -5.507
        },
        {
            "x": 5.995,
            "y": -5.507
        },
        {
            "x": 6.464,
            "y": -5.292
        },
        {
            "x": 6.934,
            "y": -4.705
        },
        {
            "x": 7.286,
            "y": -3.962
        },
        {
            "x": 7.501,
            "y": -3.433
        },
        {
            "x": 7.638,
            "y": -2.748
        },
        {
            "x": 7.775,
            "y": -2.142
        },
        {
            "x": 8.01,
            "y": -1.711
        },
        {
            "x": 8.323,
            "y": -1.594
        },
        {
            "x": 8.714,
            "y": -1.692
        },
        {
            "x": 8.93,
            "y": -1.79
        },
        {
            "x": 8.93,
            "y": -7.699
        },
        {
            "x": -6.606,
            "y": -7.659
        }
    ],
    "south": [
        {
            "x": 8.628,
            "y": -0.039
        },
        {
            "x": 8.256,
            "y": 0.062
        },
        {
            "x": 7.868,
            "y": 0.047
        },
        {
            "x": 7.424,
            "y": -0.067
        },
        {
            "x": 6.98,
            "y": -0.325
        },
        {
            "x": 6.679,
            "y": -0.784
        },
        {
            "x": 6.45,
            "y": -1.271
        },
        {
            "x": 6.234,
            "y": -1.816
        },
        {
            "x": 6.091,
            "y": -2.26
        },
        {
            "x": 6.005,
            "y": -2.647
        },
        {
            "x": 5.948,
            "y": -3.178
        },
        {
            "x": 5.862,
            "y": -3.593
        },
        {
            "x": 5.776,
            "y": -3.909
        },
        {
            "x": 5.618,
            "y": -4.038
        },
        {
            "x": 5.432,
            "y": -3.995
        },
        {
            "x": 5.417,
            "y": -3.565
        },
        {
            "x": 5.505,
            "y": -2.941
        },
        {
            "x": 5.577,
            "y": -1.933
        },
        {
            "x": 5.673,
            "y": -0.757
        },
        {
            "x": 5.577,
            "y": 0.203
        },
        {
            "x": 5.361,
            "y": 0.754
        },
        {
            "x": 5.025,
            "y": 1.186
        },
        {
            "x": 3.681,
            "y": 1.474
        },
        {
            "x": 3.009,
            "y": 1.282
        },
        {
            "x": 2.242,
            "y": 0.826
        },
        {
            "x": 1.906,
            "y": 0.371
        },
        {
            "x": 1.594,
            "y": -0.133
        },
        {
            "x": 1.33,
            "y": -0.637
        },
        {
            "x": 0.97,
            "y": -1.261
        },
        {
            "x": 0.634,
            "y": -1.789
        },
        {
            "x": -0.134,
            "y": -2.005
        },
        {
            "x": -0.662,
            "y": -1.693
        },
        {
            "x": -1.526,
            "y": -1.189
        },
        {
            "x": -2.054,
            "y": -0.805
        },
        {
            "x": -2.39,
            "y": -0.445
        },
        {
            "x": -2.63,
            "y": -0.061
        },
        {
            "x": -2.918,
            "y": 0.322
        },
        {
            "x": -3.325,
            "y": 0.826
        },
        {
            "x": -3.757,
            "y": 1.498
        },
        {
            "x": -4.117,
            "y": 1.954
        },
        {
            "x": -4.309,
            "y": 2.434
        },
        {
            "x": -4.357,
            "y": 2.77
        },
        {
            "x": -3.134,
            "y": 2.842
        },
        {
            "x": -1.694,
            "y": 2.842
        },
        {
            "x": -0.278,
            "y": 2.866
        },
        {
            "x": 0.586,
            "y": 3.058
        },
        {
            "x": 0.994,
            "y": 3.25
        },
        {
            "x": 1.378,
            "y": 3.538
        },
        {
            "x": 1.714,
            "y": 3.85
        },
        {
            "x": 2.05,
            "y": 4.378
        },
        {
            "x": 2.362,
            "y": 4.978
        },
        {
            "x": 2.625,
            "y": 5.674
        },
        {
            "x": 2.841,
            "y": 6.273
        },
        {
            "x": 2.793,
            "y": 6.873
        },
        {
            "x": 2.697,
            "y": 7.425
        },
        {
            "x": 8.936,
            "y": 7.473
        },
        {
            "x": 8.936,
            "y": -0.229
        },
        {
            "x": 8.936,
            "y": -0.229
        },
        {
            "x": 8.936,
            "y": 7.473
        },
        {
            "x": 2.697,
            "y": 7.425
        },
        {
            "x": 2.793,
            "y": 6.873
        },
        {
            "x": 2.841,
            "y": 6.273
        },
        {
            "x": 2.625,
            "y": 5.674
        },
        {
            "x": 2.362,
            "y": 4.978
        },
        {
            "x": 2.05,
            "y": 4.378
        },
        {
            "x": 1.714,
            "y": 3.85
        },
        {
            "x": 1.378,
            "y": 3.538
        },
        {
            "x": 0.994,
            "y": 3.25
        },
        {
            "x": 0.586,
            "y": 3.058
        },
        {
            "x": -0.278,
            "y": 2.866
        },
        {
            "x": -1.694,
            "y": 2.842
        },
        {
            "x": -3.134,
            "y": 2.842
        },
        {
            "x": -4.357,
            "y": 2.77
        },
        {
            "x": -4.309,
            "y": 2.434
        },
        {
            "x": -4.117,
            "y": 1.954
        },
        {
            "x": -3.757,
            "y": 1.498
        },
        {
            "x": -3.325,
            "y": 0.826
        },
        {
            "x": -2.918,
            "y": 0.322
        },
        {
            "x": -2.63,
            "y": -0.061
        },
        {
            "x": -2.39,
            "y": -0.445
        },
        {
            "x": -2.054,
            "y": -0.805
        },
        {
            "x": -1.526,
            "y": -1.189
        },
        {
            "x": -0.662,
            "y": -1.693
        },
        {
            "x": -0.134,
            "y": -2.005
        },
        {
            "x": 0.634,
            "y": -1.789
        },
        {
            "x": 0.97,
            "y": -1.261
        },
        {
            "x": 1.33,
            "y": -0.637
        },
        {
            "x": 1.594,
            "y": -0.133
        },
        {
            "x": 1.506,
            "y": 0.371
        },
        {
            "x": 2.242,
            "y": 0.826
        },
        {
            "x": 3.009,
            "y": 1.282
        },
        {
            "x": 3.681,
            "y": 1.474
        },
        {
            "x": 5.025,
            "y": 1.186
        },
        {
            "x": 5.361,
            "y": 0.754
        },
        {
            "x": 5.577,
            "y": 0.203
        },
        {
            "x": 5.673,
            "y": -0.757
        },
        {
            "x": 5.577,
            "y": -1.933
        },
        {
            "x": 5.505,
            "y": -2.941
        },
        {
            "x": 5.417,
            "y": -3.565
        },
        {
            "x": 5.432,
            "y": -3.995
        },
        {
            "x": 5.618,
            "y": -4.038
        },
        {
            "x": 5.776,
            "y": -3.909
        },
        {
            "x": 5.862,
            "y": -3.593
        },
        {
            "x": 5.948,
            "y": -3.178
        },
        {
            "x": 6.005,
            "y": -2.647
        },
        {
            "x": 6.091,
            "y": -2.26
        },
        {
            "x": 6.234,
            "y": -1.816
        },
        {
            "x": 6.45,
            "y": -1.271
        },
        {
            "x": 6.679,
            "y": -0.784
        },
        {
            "x": 6.98,
            "y": -0.325
        },
        {
            "x": 7.424,
            "y": -0.067
        },
        {
            "x": 7.868,
            "y": 0.047
        },
        {
            "x": 8.256,
            "y": 0.062
        },
        {
            "x": 8.628,
            "y": -0.039
        }
    ]
}